[
 {
  "pk": 38, 
  "model": "core.course", 
  "fields": {
   "num": "15, 18", 
   "sort_order": 0.0, 
   "name": "Management, Mathematics"
  }
 }, 
 {
  "pk": 1, 
  "model": "core.course", 
  "fields": {
   "num": "1", 
   "sort_order": 1.0, 
   "name": "Civil and Environmental Engineering"
  }
 }, 
 {
  "pk": 2, 
  "model": "core.course", 
  "fields": {
   "num": "2", 
   "sort_order": 2.0, 
   "name": "Mechanical Engineering"
  }
 }, 
 {
  "pk": 3, 
  "model": "core.course", 
  "fields": {
   "num": "2-A", 
   "sort_order": 2.25, 
   "name": "Mechanical Engineering (Flexible)"
  }
 }, 
 {
  "pk": 4, 
  "model": "core.course", 
  "fields": {
   "num": "2-OE", 
   "sort_order": 2.75, 
   "name": "Mechanical and Ocean Engineering"
  }
 }, 
 {
  "pk": 5, 
  "model": "core.course", 
  "fields": {
   "num": "3", 
   "sort_order": 3.0, 
   "name": "Materials Science and Engineering"
  }
 }, 
 {
  "pk": 6, 
  "model": "core.course", 
  "fields": {
   "num": "4", 
   "sort_order": 4.0, 
   "name": "Architecture"
  }
 }, 
 {
  "pk": 7, 
  "model": "core.course", 
  "fields": {
   "num": "5", 
   "sort_order": 5.0, 
   "name": "Chemistry"
  }
 }, 
 {
  "pk": 37, 
  "model": "core.course", 
  "fields": {
   "num": "6-3, 18", 
   "sort_order": 6.0, 
   "name": "Computer Science and Eng., Mathematics"
  }
 }, 
 {
  "pk": 8, 
  "model": "core.course", 
  "fields": {
   "num": "6-1", 
   "sort_order": 6.0, 
   "name": "Electrical Science and Engineering"
  }
 }, 
 {
  "pk": 9, 
  "model": "core.course", 
  "fields": {
   "num": "6-2", 
   "sort_order": 7.0, 
   "name": "Electrical Engineering & Computer Science"
  }
 }, 
 {
  "pk": 10, 
  "model": "core.course", 
  "fields": {
   "num": "6-3", 
   "sort_order": 8.0, 
   "name": "Computer Science and Engineering"
  }
 }, 
 {
  "pk": 11, 
  "model": "core.course", 
  "fields": {
   "num": "6-7", 
   "sort_order": 8.5, 
   "name": "Computer Science and Molecular Biology"
  }
 }, 
 {
  "pk": 12, 
  "model": "core.course", 
  "fields": {
   "num": "7", 
   "sort_order": 9.0, 
   "name": "Biology"
  }
 }, 
 {
  "pk": 13, 
  "model": "core.course", 
  "fields": {
   "num": "8", 
   "sort_order": 10.0, 
   "name": "Physics"
  }
 }, 
 {
  "pk": 14, 
  "model": "core.course", 
  "fields": {
   "num": "9", 
   "sort_order": 11.0, 
   "name": "Brain and Cognitive Sciences"
  }
 }, 
 {
  "pk": 15, 
  "model": "core.course", 
  "fields": {
   "num": "10", 
   "sort_order": 12.0, 
   "name": "Chemical Engineering"
  }
 }, 
 {
  "pk": 16, 
  "model": "core.course", 
  "fields": {
   "num": "11", 
   "sort_order": 13.0, 
   "name": "Urban Studies and Planning"
  }
 }, 
 {
  "pk": 17, 
  "model": "core.course", 
  "fields": {
   "num": "12", 
   "sort_order": 14.0, 
   "name": "Earth, Atmosphere & Planetary Sciences"
  }
 }, 
 {
  "pk": 18, 
  "model": "core.course", 
  "fields": {
   "num": "13", 
   "sort_order": 15.0, 
   "name": "Ocean Engineering"
  }
 }, 
 {
  "pk": 19, 
  "model": "core.course", 
  "fields": {
   "num": "14", 
   "sort_order": 16.0, 
   "name": "Economics"
  }
 }, 
 {
  "pk": 20, 
  "model": "core.course", 
  "fields": {
   "num": "15", 
   "sort_order": 17.0, 
   "name": "Management"
  }
 }, 
 {
  "pk": 21, 
  "model": "core.course", 
  "fields": {
   "num": "16", 
   "sort_order": 18.0, 
   "name": "Aeronautics and Astronautics"
  }
 }, 
 {
  "pk": 22, 
  "model": "core.course", 
  "fields": {
   "num": "17", 
   "sort_order": 19.0, 
   "name": "Political Science"
  }
 }, 
 {
  "pk": 23, 
  "model": "core.course", 
  "fields": {
   "num": "18", 
   "sort_order": 20.0, 
   "name": "Mathematics"
  }
 }, 
 {
  "pk": 24, 
  "model": "core.course", 
  "fields": {
   "num": "20", 
   "sort_order": 21.0, 
   "name": "Biological Engineering"
  }
 }, 
 {
  "pk": 25, 
  "model": "core.course", 
  "fields": {
   "num": "21A", 
   "sort_order": 22.0, 
   "name": "Anthropology"
  }
 }, 
 {
  "pk": 26, 
  "model": "core.course", 
  "fields": {
   "num": "21F", 
   "sort_order": 23.0, 
   "name": "Foreign Languages and Literatures"
  }
 }, 
 {
  "pk": 27, 
  "model": "core.course", 
  "fields": {
   "num": "21H", 
   "sort_order": 24.0, 
   "name": "History"
  }
 }, 
 {
  "pk": 28, 
  "model": "core.course", 
  "fields": {
   "num": "21L", 
   "sort_order": 25.0, 
   "name": "Literature"
  }
 }, 
 {
  "pk": 29, 
  "model": "core.course", 
  "fields": {
   "num": "21M", 
   "sort_order": 26.0, 
   "name": "Music and Theater Arts"
  }
 }, 
 {
  "pk": 30, 
  "model": "core.course", 
  "fields": {
   "num": "21W", 
   "sort_order": 27.0, 
   "name": "Writing and Humanistic Studies"
  }
 }, 
 {
  "pk": 31, 
  "model": "core.course", 
  "fields": {
   "num": "22", 
   "sort_order": 28.0, 
   "name": "Nuclear Engineering"
  }
 }, 
 {
  "pk": 32, 
  "model": "core.course", 
  "fields": {
   "num": "24", 
   "sort_order": 29.0, 
   "name": "Linguistics and Philosophy"
  }
 }, 
 {
  "pk": 33, 
  "model": "core.course", 
  "fields": {
   "num": "CMS", 
   "sort_order": 30.0, 
   "name": "Comparable Media Studies"
  }
 }, 
 {
  "pk": 34, 
  "model": "core.course", 
  "fields": {
   "num": "CSB", 
   "sort_order": 31.0, 
   "name": "Computational and Systems Biology"
  }
 }, 
 {
  "pk": 35, 
  "model": "core.course", 
  "fields": {
   "num": "ESD", 
   "sort_order": 32.0, 
   "name": "Engineering Systems"
  }
 }, 
 {
  "pk": 36, 
  "model": "core.course", 
  "fields": {
   "num": "HST", 
   "sort_order": 33.0, 
   "name": "Health Sciences and Technology"
  }
 }, 
 {
  "pk": 1, 
  "model": "core.graduationyear", 
  "fields": {
   "year": 2012
  }
 }, 
 {
  "pk": 2, 
  "model": "core.graduationyear", 
  "fields": {
   "year": 2013
  }
 }, 
 {
  "pk": 3, 
  "model": "core.graduationyear", 
  "fields": {
   "year": 2014
  }
 }, 
 {
  "pk": 4, 
  "model": "core.graduationyear", 
  "fields": {
   "year": 2015
  }
 }, 
 {
  "pk": 3, 
  "model": "core.boardmember", 
  "fields": {
   "user": 3
  }
 }, 
 {
  "pk": 4, 
  "model": "core.boardmember", 
  "fields": {
   "user": 4
  }
 }, 
 {
  "pk": 1, 
  "model": "core.boardmember", 
  "fields": {
   "user": 1
  }
 }, 
 {
  "pk": 10, 
  "model": "core.boardmember", 
  "fields": {
   "user": 5
  }
 }, 
 {
  "pk": 14, 
  "model": "core.boardmember", 
  "fields": {
   "user": 6
  }
 }, 
 {
  "pk": 7, 
  "model": "core.boardmember", 
  "fields": {
   "user": 7
  }
 }, 
 {
  "pk": 13, 
  "model": "core.boardmember", 
  "fields": {
   "user": 8
  }
 }, 
 {
  "pk": 12, 
  "model": "core.boardmember", 
  "fields": {
   "user": 9
  }
 }, 
 {
  "pk": 5, 
  "model": "core.boardmember", 
  "fields": {
   "user": 10
  }
 }, 
 {
  "pk": 2, 
  "model": "core.boardmember", 
  "fields": {
   "user": 2
  }
 }, 
 {
  "pk": 3, 
  "model": "core.execmember", 
  "fields": {
   "website": "", 
   "major": 8, 
   "image": "core/execmember/aaki_2012-04-30-16-00-11.gif", 
   "graduation_year": 3, 
   "joined": "2012-03-09 21:30:06", 
   "co_president": false, 
   "blurb": "", 
   "left": null
  }
 }, 
 {
  "pk": 4, 
  "model": "core.execmember", 
  "fields": {
   "website": "", 
   "major": 38, 
   "image": "core/execmember/di_wu_2012-04-30-16-00-21.jpg", 
   "graduation_year": 1, 
   "joined": "2012-03-09 21:34:30", 
   "co_president": true, 
   "blurb": "Di enjoys learning about and experimenting with cooking, playing various video games, board games, and sports, and learning about whiskeys and wines. He also enjoys analyzing mundane problems using mathematics and economics in his spare time. For example, in the summer of 2010, he studied the game of Monopoly using Markov matrices to find optimal strategies to the game.\r\n<br><br>\r\nDi is a brother of <a href=http://pilam.mit.edu/>Pi Lambda Phi</a> fraternity and will be working at <a href=http://imc.nl/Financial-markets/Offices/Chicago/>IMC Financial Markets in Chicago</a>.", 
   "left": "2012-05-31 12:14:48"
  }
 }, 
 {
  "pk": 1, 
  "model": "core.execmember", 
  "fields": {
   "website": "http://www.dmitrijpetters.com/", 
   "major": 10, 
   "image": "core/execmember/dpetters_2012-03-11-15-38-00.gif", 
   "graduation_year": 2, 
   "joined": "2012-03-03 20:49:54", 
   "co_president": false, 
   "blurb": "", 
   "left": null
  }
 }, 
 {
  "pk": 10, 
  "model": "core.execmember", 
  "fields": {
   "website": "", 
   "major": 10, 
   "image": "core/execmember/hjoshi_2012-03-12-11-48-20.PNG", 
   "graduation_year": 2, 
   "joined": "2011-01-01 22:13:06", 
   "co_president": false, 
   "blurb": "Rish is a junior at MIT studying Computer Science & Mathematics. He enjoys playing tennis, watching NFL games, biking, and working out in his free time. ", 
   "left": null
  }
 }, 
 {
  "pk": 14, 
  "model": "core.execmember", 
  "fields": {
   "website": "", 
   "major": 10, 
   "image": "core/execmember/kanjun_2012-03-15-04-28-37.gif", 
   "graduation_year": 1, 
   "joined": "2008-10-15 03:31:10", 
   "co_president": true, 
   "blurb": "Kanjun is a senior working on her Master's in Computer Science at the <a href=http://hlt.media.mit.edu/>MIT Media Lab</a>, and she enjoys playing with statistics and machine learning. When procrastinating on work, she bakes artisan bread, sight-reads piano music, experiments with food, spins sheep wool into yarn, and peruses science fiction and fantasy novels.  More regularly, she trains actively in competitive ballroom dance, and enjoys frequent philosophical discussions with friends.", 
   "left": "2012-05-31 12:15:26"
  }
 }, 
 {
  "pk": 7, 
  "model": "core.execmember", 
  "fields": {
   "website": "http://web.mit.edu/ohuang/www", 
   "major": 19, 
   "image": "core/execmember/ohuang_2012-03-11-20-28-15.jpg", 
   "graduation_year": 3, 
   "joined": "2010-10-01 00:00:00", 
   "co_president": false, 
   "blurb": "Oliver Huang is a sophomore double majoring in Economics and Mathematics. He spends his free time playing basketball, mixing music, and exploring Boston.", 
   "left": null
  }
 }, 
 {
  "pk": 13, 
  "model": "core.execmember", 
  "fields": {
   "website": "", 
   "major": 37, 
   "image": "core/execmember/thilk_2012-03-13-06-39-19.jpg", 
   "graduation_year": 2, 
   "joined": "2010-02-16 22:41:47", 
   "co_president": true, 
   "blurb": "Ted is interested in software architecture, machine learning, and complex systems in general. His non-trading-related research involves the intersection of cortical modeling and artificial intelligence. Ted is also interested in philosophy, speculative fiction, economics, medical research, and architecture and design.  He enjoys traveling, alpine skiing, and interesting conversations.", 
   "left": null
  }
 }, 
 {
  "pk": 12, 
  "model": "core.execmember", 
  "fields": {
   "website": "", 
   "major": 9, 
   "image": "core/execmember/tvieira_2012-03-13-04-30-44.gif", 
   "graduation_year": 2, 
   "joined": "2012-03-13 04:19:02", 
   "co_president": true, 
   "blurb": "Thiago likes to study Computer Science and Physics at MIT while reading economics journals from time to time.  He enjoys taking vacations to Sao Paulo, Brazil to visit relatives and relax on the beach while attempting to surf.  He is a brother of <a href=\"http://pbe.mit.edu/\">Phi Beta Epsilon</a>.", 
   "left": null
  }
 }, 
 {
  "pk": 5, 
  "model": "core.execmember", 
  "fields": {
   "website": "http://mit.edu/vok/www/", 
   "major": 37, 
   "image": "core/execmember/vok_2012-09-09-14-27-52.jpg", 
   "graduation_year": 3, 
   "joined": "2012-03-11 15:35:13", 
   "co_president": false, 
   "blurb": "Vlad is a junior pursuing a double major in Computer Science and Engineering and Mathematics. When trading and problem sets lose his attention, he enjoys cycling, long walks on the beach, and acoustic guitar.", 
   "left": null
  }
 }, 
 {
  "pk": 2, 
  "model": "core.execmember", 
  "fields": {
   "website": "http://youyanggu.com/", 
   "major": 9, 
   "image": "core/execmember/yygu_2012-04-30-16-02-49.png", 
   "graduation_year": 4, 
   "joined": "2012-03-03 23:47:05", 
   "co_president": false, 
   "blurb": "Youyang is a rising sophomore studying EECS and Mathematics. This will be his second year on Traders. He grew up in Illinois and is an avid Bears and Bulls fan. In his spare time, Youyang likes to explore Boston, play basketball, and collect Starbucks gift cards.", 
   "left": null
  }
 }
]